timestamp,open,high,low,close,volume
1517846400000,7424.6,7511.3,6032.3,7310.1,224461
1517932800000,7310.1,8499.9,6810.0,8165.4,148807
1518019200000,8166.7,8700.8,7400.0,8245.1,24467
1518105600000,8244.0,8494.0,7760.0,8364.0,29834
1518192000000,8363.6,9036.7,8269.8,8311.9,28203
1518278400000,8301.0,8569.4,7820.2,8426.0,59854
1518364800000,8426.0,8838.0,8024.0,8640.0,54457
1518451200000,8640.0,8976.8,8360.0,8500.0,51156
1518537600000,8504.9,9307.3,8474.3,9307.3,49118
1518624000000,9307.3,9897.0,9182.2,9774.0,48092
1518710400000,9774.0,10274.9,9663.3,10009.3,54943
1518796800000,10016.9,10860.0,9888.0,10709.0,50137
1518883200000,10716.1,11249.0,10112.0,10594.7,50649
1518969600000,10594.7,11230.0,10302.0,11187.9,50716
1519056000000,11183.0,11649.9,10900.0,11497.4,50087
1519142400000,11497.4,11774.0,10410.0,10583.0,55022
1519228800000,10555.8,10919.2,9750.0,9990.9,45603
1519315200000,10004.6,10400.0,9560.0,10305.1,49085
1519401600000,10300.1,10495.0,9570.0,9731.5,49270
1519488000000,9739.6,9839.7,9285.0,9399.9,45153
1519574400000,9378.5,10360.6,9291.9,10277.9,51056
1519660800000,10277.9,10874.3,10129.8,10583.7,51848
1519747200000,10589.4,11070.0,10372.0,10507.7,51787
1519833600000,10501.5,10845.6,10233.0,10717.6,49469
1519920000000,10702.8,11188.1,10681.6,10854.9,49229
1520006400000,10854.9,11497.9,10778.9,11479.9,50410
1520092800000,11479.9,11520.0,11067.5,11142.1,47383
1520179200000,11133.3,11619.9,11107.5,11505.8,46196
1520265600000,11504.1,11684.6,10804.7,10972.5,47998
1520352000000,10963.9,10998.8,10410.0,10662.9,48258
1520438400000,10669.4,10706.1,9411.6,9889.9,57835
1520524800000,9894.4,9899.0,8350.0,8931.7,67670
1520611200000,8931.7,9487.9,8650.0,9359.9,54779
1520697600000,9351.6,9423.8,8446.3,9062.7,54512
1520784000000,9072.8,9890.0,9062.7,9177.9,46512
1520870400000,9177.9,9489.0,8763.8,9071.1,39438
1520956800000,9078.8,9344.0,8580.0,8719.5,35521
1521043200000,8723.9,8724.9,7670.0,8109.7,49228
1521129600000,8100.0,8600.0,7906.5,8540.0,35812
1521216000000,8536.6,8581.7,7847.1,7889.9,35819
1521302400000,7888.6,8052.0,7319.0,7380.8,41213
1521388800000,7390.0,8683.0,7325.8,8564.6,56440
1521475200000,8560.6,8659.0,8251.0,8512.9,40537
1521561600000,8512.9,9178.9,8510.0,9042.1,35897
1521648000000,9042.1,9100.0,8483.6,8619.8,40397
1521734400000,8619.8,8760.0,8300.0,8611.0,39188
1521820800000,8635.0,8998.9,8551.1,8943.4,24351
1521907200000,8950.0,8974.4,8364.9,8478.0,23959
1521993600000,8468.4,8664.0,8017.3,8076.1,29653
1522080000000,8076.1,8260.0,7738.0,8067.8,40393
1522166400000,8050.3,8140.0,7740.0,7862.4,34377
1522252800000,7865.1,7998.9,7343.0,7479.2,38190
1522339200000,7474.1,7723.1,6633.0,6795.0,72444
1522425600000,6795.0,7208.0,6570.3,7050.0,49503
1522512000000,7050.0,7172.7,6439.7,6449.8,38971
1522598400000,6450.2,7117.1,6432.8,7029.3,43304
1522684800000,7013.3,7438.9,6900.1,7387.9,39453
1522771200000,7380.3,7504.5,6773.0,6799.9,39217
1522857600000,6800.0,6917.2,6571.5,6727.6,41237
1522944000000,6727.6,6853.8,6501.0,6591.8,36140
1523030400000,6593.6,7020.0,6522.4,7002.8,34649
1523116800000,7002.8,7170.9,6856.0,7041.0,31412
1523203200000,7037.1,7180.0,6685.6,6730.7,37356
1523289600000,6730.7,6850.0,6620.0,6824.3,29016
1523376000000,6824.3,6980.0,6769.5,6939.8,24813
1523462400000,6939.8,8000.0,6765.0,7616.0,63747
1523548800000,7616.0,8221.9,7565.0,8125.0,51813
1523635200000,8115.0,8180.0,7808.0,7945.1,34616
1523721600000,7950.0,8400.0,7920.0,8275.9,29161
1523808000000,8270.0,8400.0,7888.6,7970.0,30991
1523894400000,7983.3,8166.1,7930.0,8090.8,22922
1523980800000,8080.6,8159.0,7826.0,8000.9,32669
1524067200000,8000.0,8289.9,8000.0,8233.1,31221
1524153600000,8233.1,8572.9,8200.0,8473.6,35002
1524240000000,8475.8,9034.9,8451.2,8820.0,36633
1524326400000,8820.0,9012.0,8713.4,8939.0,27261
1524412800000,8930.0,9019.9,8743.3,8909.7,32913
1524499200000,8909.7,9428.0,8810.0,9357.4,37710
1524585600000,9357.4,9758.3,8786.0,8962.2,58668
1524672000000,8963.1,9178.0,8652.9,8800.8,46955
1524758400000,8817.6,9386.8,8780.0,9236.6,44402
1524844800000,9238.0,9429.9,8866.2,9357.7,44263
1524931200000,9357.7,9566.0,9157.3,9299.7,49741
1525017600000,9318.0,9502.6,9111.0,9302.3,34385
1525104000000,9309.6,9370.0,8827.4,8911.6,36752
1525190400000,8911.6,9200.0,8908.0,9159.9,32206
1525276800000,9158.9,9499.0,9064.2,9438.0,29792
1525363200000,9438.0,9836.5,9421.6,9630.6,35577
1525449600000,9630.6,9997.0,9579.3,9930.0,38194
1525536000000,9930.0,9988.8,9445.0,9510.0,36989
1525622400000,9510.0,9690.0,9200.0,9358.6,59739
1525708800000,9358.6,9469.9,9073.0,9188.0,34697
1525795200000,9180.6,9325.0,8975.6,9300.3,27316
1525881600000,9300.3,9395.4,9241.3,9338.3,25926
1525968000000,9338.3,9396.5,8465.0,8570.0,44582
1526054400000,8570.0,8679.0,8123.9,8301.8,38238
1526140800000,8301.8,8650.8,8243.1,8602.0,30613
1526227200000,8617.0,8819.4,8280.0,8780.0,33322
1526313600000,8774.4,8877.1,8464.0,8515.3,34520
1526400000000,8515.3,8590.2,8075.0,8280.6,35872
1526486400000,8280.4,8466.0,8195.8,8309.0,27298
1526572800000,8298.0,8331.6,7918.0,8108.5,32614
1526659200000,8108.5,8388.2,8071.3,8308.4,26571
1526745600000,8300.0,8392.5,8170.0,8391.0,22585
1526832000000,8384.6,8604.7,8346.0,8398.7,24491
1526918400000,8398.7,8436.9,6002.0,8229.0,26890
1527004800000,8222.5,8261.7,7647.6,7687.7,25978
1527091200000,7687.7,7720.0,7250.0,7561.0,37633
1527177600000,7561.0,7645.8,7312.5,7497.1,27343
1527264000000,7500.0,7654.9,7349.8,7541.1,19433
1527350400000,7541.1,7606.1,7140.0,7340.7,20342
1527436800000,7337.1,7441.4,7158.2,7236.2,23514
1527523200000,7237.8,7483.5,7006.7,7428.3,29705
1527609600000,7430.5,7561.9,7306.2,7336.4,25706
1527696000000,7332.1,7600.0,7265.4,7552.1,21716
1527782400000,7554.7,7618.2,7355.0,7445.4,24113
1527868800000,7445.4,7695.3,7401.0,7625.5,21743
1527955200000,7620.0,7774.0,7593.1,7726.9,22063
1528041600000,7726.9,7764.7,7453.3,7492.3,22797
1528128000000,7495.4,7568.1,7359.1,7568.1,22001
1528214400000,7568.1,7687.9,7536.6,7651.1,19314
1528300800000,7654.9,7755.0,7478.2,7697.9,24400
1528387200000,7697.9,7738.2,7541.0,7634.6,23876
1528473600000,7630.5,7688.8,7564.4,7617.6,17465
1528560000000,7617.6,7636.9,7165.8,7223.0,23580
1528646400000,7223.0,7230.0,6625.5,6689.6,46420
1528732800000,6689.6,6908.8,6672.6,6756.5,24709
1528819200000,6756.6,6758.5,6340.0,6363.3,33483
1528905600000,6366.2,6545.5,6098.1,6345.2,32179
1528992000000,6344.2,6700.0,6343.2,6537.1,28351
1529078400000,6536.9,6609.5,6331.8,6364.4,19866
1529164800000,6363.3,6588.3,6336.7,6517.2,16067
1529251200000,6516.5,6546.3,6382.3,6462.3,16126
1529337600000,6462.1,6834.9,6450.4,6742.2,23393
1529424000000,6742.3,6774.4,6558.0,6755.1,21097
1529510400000,6752.0,6806.1,6678.8,6711.3,17022
1529596800000,6712.0,6744.9,6072.4,6150.8,28504
1529683200000,6150.8,6237.7,5926.0,6090.7,29142
1529769600000,6090.9,6256.6,5750.8,5776.1,29914
1529856000000,5776.1,6334.5,5766.4,6292.0,28855
1529942400000,6291.0,6323.3,6121.0,6188.7,20878
1530028800000,6187.8,6249.3,5995.4,6109.8,23011
1530115200000,6110.7,6181.9,6062.5,6102.5,19886
1530201600000,6101.2,6111.9,5794.3,5903.0,22735
1530288000000,5899.9,6516.6,5868.7,6380.2,27212
1530374400000,6379.1,6441.6,6260.0,6313.0,17547
1530460800000,6312.4,6671.5,6272.4,6624.8,22503
1530547200000,6623.0,6679.9,6530.5,6583.3,21345
1530633600000,6583.3,6799.9,6418.0,6679.1,23756
1530720000000,6679.1,6698.6,6513.3,6616.7,22320
1530806400000,6617.1,6642.4,6442.3,6567.0,20276
1530892800000,6567.0,6626.6,6516.6,6556.9,16252
1530979200000,6558.8,6829.9,6511.0,6738.9,19394
1531065600000,6741.3,6769.6,6666.0,6726.4,16484
1531152000000,6729.1,6801.0,6328.0,6382.6,24643
1531238400000,6379.9,6410.5,6268.4,6357.0,24501
1531324800000,6357.0,6377.7,6140.3,6166.3,22917
1531411200000,6164.9,6282.0,6075.4,6261.2,19819
1531497600000,6258.1,6338.5,6123.9,6246.6,16781
1531584000000,6246.6,6394.7,6181.0,6388.0,15316
1531670400000,6386.0,6668.1,6331.8,6633.9,19664
1531756800000,6634.4,6792.0,6617.2,6777.0,19053
1531843200000,6777.0,7547.6,6736.4,7429.6,31687
1531929600000,7430.6,7584.7,7240.0,7397.1,25334
1532016000000,7397.9,7563.3,7352.3,7466.0,24350
1532102400000,7469.9,7696.3,7217.1,7391.0,25562
1532188800000,7391.0,7554.1,7335.0,7522.4,18451
1532275200000,7527.2,7799.9,7342.0,7730.0,29670
1532361600000,7730.0,8362.6,7661.9,8185.2,40103
1532448000000,8184.0,8488.8,8060.6,8112.0,26808
1532534400000,8116.0,8331.7,8066.0,8204.5,21465
1532620800000,8204.5,8300.0,7800.0,8149.3,30538
1532707200000,8150.1,8279.1,7500.0,8111.0,23639
1532793600000,8113.5,8294.4,8113.5,8230.8,19584
1532880000000,8226.1,8282.8,8068.8,8114.3,23115
1532966400000,8114.3,8222.0,7657.7,7753.3,40339
1533052800000,7753.3,7832.2,7469.1,7602.1,34929
1533139200000,7597.8,7931.0,7440.7,7511.6,22757
1533225600000,7511.6,7593.0,7279.0,7467.3,32538
1533312000000,7467.3,7529.0,6960.0,6989.4,28393
1533398400000,6989.4,7085.0,6877.4,7002.0,24953
1533484800000,7003.9,7151.0,6887.3,6972.9,25527
1533571200000,6972.9,7147.2,6845.0,7113.6,24040
1533657600000,7113.6,7136.8,6393.5,6472.3,71009
1533744000000,6476.2,6540.2,6120.0,6444.0,77975
1533830400000,6448.1,6623.0,6301.0,6451.9,122978
1533916800000,6451.9,6458.4,5988.4,6110.8,111698
1534003200000,6111.2,6474.7,6058.4,6319.6,80842
1534089600000,6319.3,6526.0,6223.4,6287.4,77316
1534176000000,6286.6,6328.3,5880.0,6029.9,194559
1534262400000,6030.2,6475.4,5981.8,6431.2,60904
1534348800000,6431.2,6600.0,6214.9,6403.5,49417
1534435200000,6403.5,6555.8,6233.8,6475.7,45460
1534521600000,6475.7,6616.0,6303.2,6356.9,31193
1534608000000,6357.0,6465.9,6300.0,6406.4,22334
1534694400000,6411.0,6549.2,6330.0,6424.6,23548
1534780800000,6425.5,6505.2,6228.0,6416.7,32991
1534867200000,6416.7,6875.7,6374.1,6471.0,29775
1534953600000,6471.0,6489.8,6254.5,6433.2,31487
1535040000000,6429.2,6575.5,6358.9,6506.7,29085
1535126400000,6504.5,6785.0,6498.2,6738.6,24565
1535212800000,6738.6,6780.0,6568.8,6675.2,20457
1535299200000,6675.9,6776.2,6631.2,6752.4,22153
1535385600000,6752.0,7096.4,6714.8,7051.3,25390
1535472000000,7052.1,7132.3,6900.0,6975.9,25228
1535558400000,6977.8,7074.0,6809.0,6866.1,23218
1535644800000,6866.1,7026.7,6800.0,6958.1,19718
1535731200000,6958.1,7217.9,6950.9,7173.8,19830
1535817600000,7175.3,7345.6,7128.2,7219.1,24052
1535904000000,7219.1,7333.4,7195.1,7288.0,20446
1535990400000,7287.7,7405.0,7240.5,7379.7,22117
1536076800000,7379.7,7414.8,6933.3,6993.4,31534
1536163200000,6993.4,7002.2,6301.3,6423.3,62726
1536249600000,6424.1,6550.0,6320.0,6374.5,39724
1536336000000,6377.2,6478.9,6357.0,6430.5,25072
1536422400000,6430.4,6447.8,6101.0,6371.2,29403
1536508800000,6369.5,6397.0,6201.7,6295.0,24140
1536595200000,6297.3,6400.0,6167.8,6255.6,22016
1536681600000,6254.7,6321.1,6189.8,6272.0,21942
1536768000000,6272.0,6532.0,6264.4,6483.2,23994
1536854400000,6482.9,6584.6,6388.0,6480.1,22662
1536940800000,6480.1,6564.4,6453.5,6536.8,16408
1537027200000,6537.0,6556.5,6376.0,6481.0,15673
1537113600000,6482.7,6534.9,6221.9,6263.7,23118
1537200000000,6264.5,6392.7,6205.0,6361.3,24645
1537286400000,6360.6,6375.6,6252.0,6330.1,22702
1537372800000,6330.6,6527.4,6119.8,6417.3,27659
1537459200000,6420.8,6775.3,6340.0,6683.7,35954
1537545600000,6683.7,6838.0,6637.9,6686.5,25866
1537632000000,6686.5,6785.0,6636.0,6687.7,19276
1537718400000,6686.6,6730.0,6577.0,6607.5,19335
1537804800000,6610.3,6662.0,6366.8,6405.1,28121
1537891200000,6403.5,6564.2,6330.0,6541.1,22971
1537977600000,6541.1,6550.0,6434.0,6498.0,19594
1538064000000,6495.2,6816.3,6493.9,6669.6,32357
1538150400000,6670.2,6700.0,6468.5,6587.8,23944
1538236800000,6587.8,6660.0,6550.2,6602.8,16669
1538323200000,6604.3,6661.6,6500.9,6568.7,17926
1538409600000,6567.3,6648.6,6529.6,6561.6,17067
1538496000000,6561.6,6588.7,6430.6,6511.5,19619
1538582400000,6508.4,6645.0,6450.0,6597.4,18260
1538668800000,6599.9,6628.6,6550.0,6594.0,14765
1538755200000,6594.0,6690.5,6567.3,6600.0,15856
1538841600000,6599.0,6611.6,6531.7,6580.2,14517
1538928000000,6580.2,6698.2,6576.6,6672.1,19989
1539014400000,6669.6,6698.0,6610.5,6638.2,12619
1539100800000,6640.3,6670.0,6527.7,6590.5,10178
1539187200000,6590.1,6645.0,6218.4,6291.2,26086
1539273600000,6291.2,6359.6,6206.6,6339.6,11163
1539360000000,6337.4,6343.7,6280.0,6328.9,5812
1539446400000,6327.2,6406.3,6298.2,6379.3,4185
1539532800000,6382.0,8100.0,6300.0,6908.1,61194
1539619200000,6907.8,6957.8,6650.0,6715.0,27355
1539705600000,6713.9,6800.0,6674.9,6747.9,18700
1539792000000,6744.6,6791.6,6679.1,6708.0,18455
1539878400000,6708.0,6714.6,6550.0,6571.6,20506
1539964800000,6569.5,6612.8,6505.0,6574.8,14994
1540051200000,6574.8,6658.7,6561.4,6645.3,15957
1540137600000,6646.5,6647.6,6545.2,6562.8,16353
1540224000000,6564.6,6595.1,6520.1,6556.3,17917
1540310400000,6558.1,6625.0,6543.7,6581.8,16948
1540396800000,6581.6,6602.9,6508.8,6545.7,17074
1540483200000,6545.7,6598.0,6515.4,6540.1,16517
1540569600000,6541.3,6557.9,6480.0,6497.6,15046
1540656000000,6495.1,6514.0,6483.6,6488.6,29304
1540742400000,6488.1,6506.2,6311.0,6379.5,21114
1540828800000,6382.3,6389.3,6317.1,6353.5,17959
1540915200000,6353.5,6419.4,6250.0,6392.1,18757
1541001600000,6395.0,6395.0,6354.6,6364.8,16902
1541088000000,6366.9,6452.8,6360.2,6429.0,18841
1541174400000,6426.2,6439.9,6345.0,6373.2,16192
1541260800000,6371.0,6500.0,6356.0,6482.7,17744
1541347200000,6481.7,6519.3,6445.0,6472.8,19626
1541433600000,6472.8,6515.3,6436.2,6500.2,18847
1541520000000,6500.2,6616.3,6473.0,6548.9,23350
1541606400000,6548.9,6595.2,6505.4,6536.3,19376
1541692800000,6536.3,6536.6,6398.3,6426.4,21579
1541779200000,6427.9,6640.0,6391.3,6454.2,17676
1541865600000,6454.2,6469.0,6357.0,6381.8,17600
1541952000000,6381.8,6487.7,6366.8,6452.6,20805
1542038400000,6452.6,6470.9,6392.6,6460.4,19865
1542124800000,6460.4,6499.0,6212.5,6233.9,27020
1542211200000,6233.2,6269.4,5417.0,5679.9,88918
1542297600000,5679.4,5778.5,5566.0,5646.8,36741
1542384000000,5647.3,5682.5,5550.0,5599.6,17836
1542470400000,5599.6,5685.7,5593.0,5644.0,13184
1542556800000,5643.9,5744.9,5166.0,5217.2,39727
1542643200000,5217.2,5252.0,4401.0,4947.8,70958
1542729600000,4949.0,4969.1,4337.0,4631.8,59350
1542816000000,4634.9,4721.3,4467.3,4561.4,31798
1542902400000,4559.5,4580.0,4223.5,4406.7,40443
1542988800000,4404.4,4525.8,4295.6,4372.0,22448
1543075200000,4374.4,4374.4,3700.0,3883.6,76279
1543161600000,3883.6,4230.0,3814.4,3835.0,57599
1543248000000,3838.5,3987.5,3681.9,3779.0,65065
1543334400000,3782.3,4282.8,3743.6,4249.2,51479
1543420800000,4246.5,4444.0,4130.0,4268.2,51429
1543507200000,4269.9,4384.5,3940.0,4029.1,53822
1543593600000,4029.1,4230.0,3950.0,4217.2,39704
1543680000000,4219.2,4310.4,4101.0,4174.5,42401
1543766400000,4174.5,4243.7,3855.0,3882.0,44009
1543852800000,3881.0,4089.9,3770.4,4022.2,42500
1543939200000,4024.9,4026.2,3828.0,3878.5,34632
1544025600000,3877.7,3895.8,3628.8,3689.9,57544
1544112000000,3691.1,3715.0,3317.4,3319.9,66406
1544198400000,3318.1,3549.8,3226.0,3362.7,64635
1544284800000,3363.5,3587.7,3276.8,3576.4,48333
1544371200000,3578.7,3656.0,3415.0,3430.0,40943
1544457600000,3430.4,3521.5,3341.7,3350.9,40678
1544544000000,3351.3,3482.4,3324.6,3458.4,32915
1544630400000,3458.4,3492.9,3366.3,3417.2,27755
1544716800000,3415.6,3424.0,3247.2,3262.1,42043
1544803200000,3262.1,3277.3,3155.2,3171.9,35346
1544889600000,3171.9,3300.0,3164.5,3243.3,30677
1544976000000,3243.7,3451.5,3218.1,3422.5,44100
1545062400000,3422.5,3590.0,3419.9,3511.0,60394
1545148800000,3513.1,3911.8,3482.7,3749.4,71349
1545235200000,3749.4,4063.5,3634.3,3987.0,73348
1545321600000,3988.5,4139.0,3862.0,3944.4,80239
1545408000000,3945.1,3979.7,3765.0,3828.8,47550
1545494400000,3829.6,4024.2,3795.0,3906.2,52160
1545580800000,3908.0,4197.9,3885.5,4019.0,66003
1545667200000,4018.7,4075.0,3650.0,3688.0,68249
1545753600000,3690.7,3831.0,3657.8,3705.6,50018
1545840000000,3706.3,3811.3,3667.6,3719.2,42203
1545926400000,3719.1,3805.0,3534.6,3780.3,46538
1546012800000,3780.9,3885.7,3772.3,3821.1,42718
1546099200000,3820.4,3880.0,3659.2,3769.0,41374
1546185600000,3769.0,3825.0,3697.3,3752.6,39942
1546272000000,3754.1,3775.9,3644.0,3681.9,39534
1546358400000,3682.0,3843.4,3638.0,3802.6,41687
1546444800000,3802.8,3882.8,3784.3,3806.1,38272
1546531200000,3805.8,3806.9,3700.0,3723.7,36707
1546617600000,3723.7,3837.1,3716.1,3784.5,39660
1546704000000,3785.2,3824.4,3740.5,3805.0,34393
1546790400000,3805.0,4030.0,3798.4,3970.3,45689
1546876800000,3970.3,4065.0,3858.2,3999.5,44880
1546963200000,3999.5,4006.5,3929.0,3957.1,29805
1547049600000,3956.8,3996.4,3710.0,3728.3,47795
1547136000000,3728.3,3729.2,3540.0,3584.5,43002
1547222400000,3584.5,3649.0,3525.1,3590.9,29147
1547308800000,3590.9,3613.9,3560.0,3575.6,22679
1547395200000,3576.0,3657.9,3446.2,3631.3,50204
1547481600000,3630.9,3665.1,3579.6,3596.2,41117
1547568000000,3596.2,3644.0,3520.0,3589.5,39886
1547654400000,3589.5,3609.8,3533.4,3595.7,43059
1547740800000,3595.7,3635.0,3570.5,3608.8,35131
1547827200000,3608.8,3710.7,3564.7,3682.9,34335
1547913600000,3682.9,3690.0,3478.0,3523.1,29810
1548000000000,3523.3,3559.1,3506.0,3527.9,23847
1548086400000,3527.8,3586.6,3436.0,3576.4,28696
1548172800000,3576.4,3607.0,3544.0,3548.3,26595
1548259200000,3548.3,3575.4,3521.0,3553.4,25484
1548345600000,3553.4,3590.0,3524.9,3565.9,25705
1548432000000,3566.0,3655.2,3542.2,3557.3,26811
1548518400000,3557.3,3580.8,3493.3,3555.5,26420
1548604800000,3555.9,3574.2,3383.0,3419.9,39600
1548691200000,3419.7,3442.9,3351.2,3424.9,28602
1548777600000,3424.1,3477.0,3390.0,3462.9,26402
1548864000000,3462.9,3490.6,3421.0,3434.2,28616
1548950400000,3435.1,3479.1,3403.4,3463.2,40394
1549036800000,3462.6,3486.8,3441.3,3457.1,24590
1549123200000,3457.1,3523.5,3447.1,3464.0,28249
1549209600000,3464.0,3483.7,3426.4,3459.0,33503
1549296000000,3459.1,3480.0,3449.3,3460.1,24089
1549382400000,3460.1,3482.5,3380.7,3420.8,27189
1549468800000,3421.2,3435.0,3385.2,3406.6,25272
1549555200000,3406.1,3509.5,3379.8,3505.8,28217
1549641600000,3504.0,3738.3,3487.2,3646.0,43826
1549728000000,3646.0,3672.9,3608.9,3627.3,26425
1549814400000,3627.7,3684.6,3616.4,3641.6,32607
1549900800000,3641.6,3649.7,3588.0,3619.0,24646
1549987200000,3619.8,3669.4,3592.2,3594.4,30626
1550073600000,3594.3,3625.4,3566.4,3600.3,26370
1550160000000,3600.1,3652.8,3573.5,3586.1,27247
1550246400000,3586.1,3651.0,3584.6,3634.3,25803
1550332800000,3633.4,3700.0,3602.4,3621.1,27534
1550419200000,3621.1,3850.6,3609.3,3827.4,42715
1550505600000,3827.4,3996.4,3825.4,3970.1,58063
1550592000000,3970.1,3985.1,3881.2,3937.9,48261
1550678400000,3937.8,4017.2,3902.4,3931.1,46154
1550764800000,3932.2,3987.5,3912.9,3953.3,48055
1550851200000,3953.2,3976.3,3933.1,3943.1,43445
1550937600000,3943.1,4199.0,3707.2,3777.4,87864
1551024000000,3777.4,3820.5,3714.7,3807.8,62584
1551110400000,3807.8,3872.4,3782.0,3821.6,54444
1551196800000,3820.5,3835.0,3788.6,3806.9,44671
1551283200000,3807.0,3889.9,3687.3,3851.8,57591
1551369600000,3852.0,3872.8,3798.0,3830.0,43886
1551456000000,3830.3,3857.5,3771.6,3811.3,48417
1551542400000,3811.4,3835.0,3792.9,3797.6,37600
1551628800000,3797.4,3825.0,3673.3,3711.6,65077
1551715200000,3711.8,3849.7,3698.6,3835.2,84170
1551801600000,3834.1,3896.3,3814.9,3861.2,89337
1551888000000,3860.8,3904.0,3841.8,3876.0,84794
1551974400000,3876.1,3929.9,3861.6,3908.6,79992
1552060800000,3908.3,3966.1,3801.1,3947.8,87542
1552147200000,3948.8,3968.9,3885.0,3906.0,74031
1552233600000,3906.5,3933.5,3840.0,3849.5,84415
1552320000000,3849.5,3900.8,3814.3,3873.0,59239
1552406400000,3873.2,3892.1,3839.1,3872.1,35319
1552492800000,3872.1,3926.6,3815.2,3882.3,40275
1552579200000,3882.3,3936.9,3872.0,3928.4,39563
1552665600000,3928.5,4056.7,3911.4,3990.4,48183
1552752000000,3990.4,4008.6,3949.9,3988.6,33032
1552838400000,3988.2,4036.5,3954.2,3980.8,36244
1552924800000,3980.6,4014.6,3968.9,3997.3,33054
1553011200000,3997.3,4031.9,3982.5,4015.5,48603
1553097600000,4015.7,4068.2,3905.0,3973.1,53314
1553184000000,3973.3,4006.5,3943.8,3993.3,45142
1553270400000,3993.3,4019.7,3976.0,4000.3,55596
1553356800000,4000.4,4006.7,3975.3,3993.2,50905
1553443200000,3993.2,3999.3,3960.9,3963.5,52886
1553529600000,3963.5,3982.2,3880.0,3941.0,64508
1553616000000,3941.0,4041.2,3927.0,4022.8,59056
1553702400000,4022.8,4048.5,4003.9,4030.7,58041
1553788800000,4030.6,4123.5,4019.5,4090.8,67562
1553875200000,4091.0,4143.5,4055.2,4077.4,56687
1553961600000,4077.4,4117.3,4060.7,4097.5,54122
1554048000000,4097.2,4159.0,4070.5,4145.0,75240
1554134400000,4145.0,4914.8,4135.0,4732.8,143597
1554220800000,4732.8,5031.1,4668.5,4962.0,155094
1554307200000,4961.4,5277.0,4781.2,4979.6,173152
1554393600000,4979.8,5029.7,4780.0,4965.8,124474
1554480000000,4964.9,5099.4,4947.7,5090.8,97265
1554566400000,5090.8,5205.0,4930.0,5120.4,112696
1554652800000,5120.4,5310.0,5044.0,5190.5,120625
1554739200000,5190.6,5257.3,5077.7,5155.3,101531
1554825600000,5155.4,5245.0,5122.3,5243.0,85402
1554912000000,5243.0,5412.0,4921.0,4993.3,128261
1554998400000,4993.2,5066.9,4871.2,5039.0,99473
1555084800000,5039.0,5090.0,5000.8,5051.7,81540
1555171200000,5051.7,5072.3,5001.0,5061.4,75689
1555257600000,5061.4,5167.8,5055.7,5133.5,73936
1555344000000,5134.0,5140.2,4948.3,5070.1,88598
1555430400000,5070.0,5229.9,5061.1,5182.5,94658
1555516800000,5183.2,5271.2,5169.8,5231.9,85886
1555603200000,5231.9,5285.0,5178.9,5261.5,86733
1555689600000,5262.1,5334.6,5225.2,5287.4,90095
1555776000000,5287.8,5314.5,5171.7,5237.5,96921
1555862400000,5238.6,5350.3,5191.7,5278.6,95288
1555948800000,5278.6,5600.5,5250.5,5535.5,112112
1556035200000,5535.5,5590.0,5334.4,5422.1,118840
1556121600000,5422.4,5444.3,5343.1,5428.3,107912
1556208000000,5428.3,5528.0,5121.0,5284.1,146566
1556294400000,5283.7,5336.5,5200.5,5282.0,106389
1556380800000,5280.6,5341.8,5278.4,5334.0,97780
1556467200000,5335.6,5336.6,5187.6,5233.4,94321
1556553600000,5233.4,5338.1,5186.0,5312.1,93741
1556640000000,5312.3,5370.0,5285.9,5354.6,79333
1556726400000,5354.8,5538.0,5343.3,5523.2,91741
1556812800000,5522.9,5849.6,5474.9,5785.8,124454
1556899200000,5786.2,5911.2,5600.0,5640.4,109969
1556985600000,5640.3,5872.8,5625.5,5770.9,101330
1557072000000,5770.4,5818.0,5620.0,5731.8,93385
1557158400000,5731.8,6027.1,5731.2,5918.5,111737
1557244800000,5918.5,5968.7,5791.0,5953.8,101978
1557331200000,5953.3,6124.4,5904.0,6033.7,110293
1557417600000,6033.8,6359.0,6032.6,6338.8,115195
1557504000000,6337.6,6965.0,6276.4,6912.4,149713
1557590400000,6912.4,7517.1,6766.2,6875.5,196744
1557676800000,6876.1,7900.4,6822.8,7782.9,159533
1557763200000,7782.9,8349.0,7672.3,7954.7,136346
1557849600000,7954.4,8142.1,7680.0,7994.7,164416
1557936000000,7992.0,8322.6,7750.0,8005.5,160581
1558022400000,8006.4,8068.9,6930.1,7097.7,177567
1558108800000,7097.9,7457.5,6985.9,7341.9,138698
1558195200000,7340.8,8092.8,7228.3,7960.8,147940
1558281600000,7959.6,8286.0,7560.0,7832.3,152748
1558368000000,7834.6,8080.7,7677.0,7890.4,137460
1558454400000,7890.9,8040.0,7731.6,7941.0,122784
1558540800000,7940.0,7949.8,7466.0,7753.2,139870
1558627200000,7752.0,8094.7,7706.0,8049.9,133831
1558713600000,8049.1,8123.9,7900.0,8014.0,125062
1558800000000,8015.1,8061.2,7852.0,7982.1,110559
1558886400000,7982.1,8882.6,7936.3,8798.0,139213
1558972800000,8800.6,8903.7,8500.0,8686.4,120230
1559059200000,8686.0,8788.0,8420.0,8682.7,122318
1559145600000,8681.6,8942.1,8545.3,8928.7,117922
1559232000000,8929.9,9065.5,8000.0,8348.4,142905
1559318400000,8353.7,8623.6,8288.5,8528.8,121767
1559404800000,8528.7,8812.5,8467.6,8679.3,120181
1559491200000,8678.3,8760.0,8325.3,8472.4,122120
1559577600000,8475.0,8586.3,7768.0,7942.0,131865
1559664000000,7941.8,7975.9,7417.3,7625.0,133486
1559750400000,7625.5,7907.6,7575.3,7691.1,117483
1559836800000,7690.7,7999.0,7450.0,7929.2,108570
1559923200000,7930.4,8097.0,7839.0,7922.9,106165
1560009600000,7917.9,7945.8,7650.0,7717.1,108552
1560096000000,7717.1,8033.9,7505.9,7913.9,118163
1560182400000,7913.9,8018.4,7709.2,7761.8,104332
1560268800000,7760.6,8221.2,7686.5,8136.6,111783
1560355200000,8140.0,8213.3,8005.6,8171.5,111690
1560441600000,8170.0,8448.6,8134.4,8386.0,111073
1560528000000,8387.6,8787.0,8316.1,8749.2,106549
1560614400000,8749.1,9339.6,8726.3,9202.0,128768
1560700800000,9203.7,9375.0,8830.1,9163.4,119970
1560787200000,9163.5,9442.0,8964.0,9082.4,122069
1560873600000,9085.8,9203.0,8951.0,9090.4,111128
1560960000000,9090.4,9398.1,9065.8,9374.1,100257
1561046400000,9373.9,9903.4,9280.7,9789.2,104551
1561132800000,9789.4,11194.7,9789.4,10798.7,136144
1561219200000,10805.7,11008.9,10418.0,10809.9,104429
1561305600000,10809.9,11393.0,10621.4,10937.9,99056
1561392000000,10937.8,11500.0,10858.3,11390.9,93562
1561478400000,11388.4,12996.9,11263.3,12887.4,106447
1561564800000,12889.9,13971.4,11510.0,11823.5,150043
1561651200000,11828.7,12199.8,10517.1,11988.3,134163
1561737600000,11988.6,12479.2,11500.0,11940.1,91658
1561824000000,11940.2,12246.1,11051.0,11151.1,75308
1561910400000,11151.2,11529.7,10030.0,10393.7,99115
1561996800000,10393.8,10700.0,9724.6,10630.7,109318
1562083200000,10627.3,11497.8,10421.0,11419.5,86181
1562169600000,11420.2,11998.0,11038.0,11709.5,76471
1562256000000,11707.9,11856.3,10801.0,11228.0,46628
1562342400000,11227.2,11621.8,10801.8,11572.6,41090
1562428800000,11569.4,11665.9,11053.0,11222.4,30396
1562515200000,11222.2,11924.1,11121.3,11833.9,36596
1562601600000,11832.1,12787.7,11750.1,12339.6,54347
1562688000000,12339.6,13150.0,12100.0,12353.2,64288
1562774400000,12359.6,12359.7,11185.7,11492.5,88449
1562860800000,11489.3,11753.6,11000.0,11476.6,70004
1562947200000,11475.5,11882.1,11194.5,11410.9,37477
1563033600000,11412.6,11476.0,10300.0,10415.9,64494
1563120000000,10414.1,10733.8,9850.0,10569.4,70395
1563206400000,10572.8,11074.8,10324.0,10494.2,59531
1563292800000,10495.7,10495.7,9056.8,9718.2,109984
1563379200000,9717.6,10452.8,9275.0,10439.9,80086
1563465600000,10440.1,10779.9,9938.0,10417.7,67052
1563552000000,10416.3,10712.6,10296.9,10612.2,36640
1563638400000,10611.1,11049.0,10334.1,10440.6,45614
1563724800000,10440.8,10680.0,10163.4,10242.3,37160
1563811200000,10241.3,10428.7,9875.0,9930.9,43805
1563897600000,9930.7,10223.7,9595.4,9912.0,39769
1563984000000,9912.0,10174.9,9530.0,9988.3,43407
1564070400000,9990.1,10073.0,9633.2,9778.3,33062
1564156800000,9790.5,10183.6,9321.8,9427.4,61228
1564243200000,9427.4,9578.3,9333.9,9523.0,35669
1564329600000,9524.4,9738.0,9157.0,9537.0,54949
1564416000000,9537.8,9727.1,9398.8,9680.2,38336
1564502400000,9683.1,10093.1,9501.0,10046.9,37157
1564588800000,10047.0,10158.6,9878.4,10013.1,29231
1564675200000,10013.7,10638.0,9992.1,10612.7,33435
1564761600000,10613.5,10880.0,10359.1,10734.5,37842
1564848000000,10734.6,10972.4,10552.7,10946.5,26401
1564934400000,10946.4,11849.0,10750.0,11752.3,47108
1565020800000,11752.4,12307.6,11570.0,11698.6,48129
1565107200000,11698.6,12147.2,11228.0,11665.9,43044
1565193600000,11665.7,12088.0,11480.0,11695.8,43915
1565280000000,11696.1,12072.0,11520.0,11742.0,39852
1565366400000,11740.3,11983.0,11286.0,11408.8,38757
1565452800000,11408.9,11486.3,11112.5,11384.2,25400
1565539200000,11382.3,11604.8,11234.9,11397.1,20254
1565625600000,11397.1,11469.9,10920.0,10951.3,22618
1565712000000,10951.0,10993.6,10410.0,10515.7,35970
1565798400000,10516.5,10630.0,9517.3,10091.4,78156
1565884800000,10091.4,10461.7,9768.0,10389.0,55126
1565971200000,10389.1,10533.7,10205.0,10312.1,27891
1566057600000,10312.1,10507.8,9993.3,10390.5,25448
1566144000000,10390.5,10779.9,10258.0,10708.7,26567
1566230400000,10708.4,10950.0,10558.9,10741.3,25859
1566316800000,10741.4,10840.0,9925.2,9986.6,36004
1566403200000,9987.6,10188.0,9761.4,10112.4,34716
1566489600000,10111.4,10448.1,10020.0,10398.9,24011
1566576000000,10398.9,10446.1,9872.0,9989.8,24357
1566662400000,9989.8,10339.8,9900.0,10067.1,20394
1566748800000,10067.2,10630.0,9905.8,10337.2,42659
1566835200000,10337.2,10409.0,10051.1,10191.0,23585
1566921600000,10190.2,10333.0,10050.0,10240.3,16708
1567008000000,10239.0,10275.1,9320.0,9505.2,48020
1567094400000,9505.2,9630.4,9350.0,9592.3,21605
1567180800000,9592.4,9693.0,9450.2,9592.1,10914
1567267200000,9592.1,9685.8,9430.0,9605.7,9571
1567353600000,9605.8,9950.0,9519.3,9878.7,18623
1567440000000,9878.7,10780.0,9870.0,10687.1,53008
1567526400000,10687.2,10717.7,10372.9,10407.4,27257
1567612800000,10407.5,10806.5,10404.6,10543.4,30956
1567699200000,10543.4,10904.6,10465.6,10843.0,28194
1567785600000,10843.0,10852.6,10188.0,10454.6,28816
1567872000000,10454.7,10582.0,10222.0,10387.5,17606
1567958400000,10387.6,10517.1,10057.4,10316.0,24672
1568044800000,10316.8,10380.9,10163.1,10176.9,15855
1568131200000,10177.0,10301.0,9878.8,9991.2,23605
1568217600000,9991.2,10361.9,9925.5,10324.6,14299
1568304000000,10324.6,10449.0,10237.6,10299.8,14408
1568390400000,10299.9,10399.9,10153.1,10356.1,16195
1568476800000,10356.1,10416.7,10252.2,10304.3,11921
1568563200000,10304.3,10356.8,10114.5,10114.6,14019
1568649600000,10114.7,10340.6,10076.3,10202.2,12991
1568736000000,10202.3,10271.9,10087.1,10171.3,14280
1568822400000,10171.3,10214.7,9630.0,9882.4,30702
1568908800000,9882.4,10345.0,9874.6,10180.0,26210
1568995200000,10179.4,10186.9,9910.5,10037.7,14240
1569081600000,10037.7,10088.0,9856.5,9990.4,13497
1569168000000,9990.5,10073.0,9700.0,9868.4,17439
1569254400000,9868.4,9883.0,9410.0,9529.4,33171
1569340800000,9528.3,9598.9,7660.0,8298.4,107309
1569427200000,8298.4,8619.0,7851.0,7926.7,45638
1569513600000,7931.3,8190.0,7722.0,7979.9,49838
1569600000000,7979.7,8259.3,7936.2,8067.0,25255
1569686400000,8067.0,8350.0,7890.1,7966.3,26103
1569772800000,7966.4,8306.0,7712.3,8284.0,41339
1569859200000,8286.0,8498.0,8165.1,8363.5,23448
1569945600000,8364.4,8496.4,8150.8,8236.9,18080
1570032000000,8237.0,8395.9,8068.2,8110.3,14530
1570118400000,8110.3,8282.0,8001.0,8148.2,16959
1570204800000,8148.2,8216.8,8013.2,8080.6,10471
1570291200000,8080.1,8200.4,7859.1,8008.8,17260
1570377600000,8008.8,8221.0,7765.4,8177.5,29853
1570464000000,8176.5,8325.6,8129.7,8186.5,19126
1570550400000,8185.0,8660.0,8100.0,8551.3,29853
1570636800000,8551.4,8668.2,8418.1,8538.4,27351
1570723200000,8538.4,8779.9,8271.3,8346.2,30855
1570809600000,8346.2,8398.0,8221.0,8371.9,12918
1570896000000,8372.0,8440.0,8281.0,8403.6,7237
1570982400000,8403.1,8449.5,8150.0,8252.0,14641
1571068800000,8250.9,8409.9,8207.5,8317.8,18232
1571155200000,8316.8,8317.7,7932.7,7950.4,19696
1571241600000,7950.4,8116.8,7917.0,8069.6,11235
1571328000000,8069.7,8128.8,7816.8,7919.5,14075
1571414400000,7919.5,8100.0,7870.0,7989.1,9662
1571500800000,7989.1,8042.7,7870.0,8023.4,10269
1571587200000,8023.4,8333.0,8010.1,8190.4,16797
1571673600000,8190.5,8297.2,8142.8,8212.2,9399
1571760000000,8212.3,8221.9,7402.0,7427.3,41548
1571846400000,7426.0,7530.0,7291.1,7432.0,20726
1571932800000,7432.0,8550.0,7381.1,8285.7,31662
1572019200000,8285.7,10500.0,8281.3,9195.8,146015
1572105600000,9195.8,9640.8,8899.1,9521.8,46768
1572192000000,9522.1,9906.4,9251.4,9374.2,51705
1572278400000,9374.1,9539.4,9185.0,9340.5,26905
1572364800000,9340.5,9487.1,8999.9,9100.5,33810
1572451200000,9094.4,9403.0,8934.6,9212.7,26188
1572537600000,9213.9,9284.5,9019.4,9081.0,26384
1572624000000,9081.3,9373.9,9057.5,9319.9,15780
1572710400000,9319.9,9364.0,9101.0,9182.0,10605
1572796800000,9182.0,9324.9,9071.0,9299.3,14814
1572883200000,9299.4,9524.0,9161.6,9369.1,30858
1572969600000,9369.2,9442.3,9252.8,9338.2,20085
1573056000000,9337.8,9373.8,9138.0,9187.1,12756
1573142400000,9187.2,9262.2,8675.8,8818.3,28045
1573228800000,8818.0,8897.7,8714.3,8801.3,13871
1573315200000,8801.4,8890.0,8723.0,8797.1,10945
1573401600000,8797.1,9135.0,8616.7,8721.4,27562
1573488000000,8721.4,8890.0,8577.0,8703.7,15499
1573574400000,8704.0,8844.6,8686.5,8746.9,12789
1573660800000,8748.0,8799.9,8585.0,8644.4,13358
1573747200000,8644.5,8790.0,8388.0,8476.1,25227
1573833600000,8475.5,8540.0,8428.7,8488.7,10500
1573920000000,8488.7,8589.0,8367.4,8525.4,11039
1574006400000,8526.4,8624.3,8365.6,8410.6,13099
1574092800000,8409.3,8432.6,8000.0,8100.3,27320
1574179200000,8100.4,8161.0,8040.3,8125.0,15107
1574265600000,8125.0,8231.8,7429.0,7628.9,36692
1574352000000,7628.9,7750.0,6790.1,7123.6,78989
1574438400000,7121.8,7374.7,7082.2,7289.6,43557
1574524800000,7289.3,7345.0,6963.5,6983.7,34047
1574611200000,6983.7,7289.3,6513.1,7252.4,92189
1574697600000,7252.4,7388.0,7023.2,7097.2,45834
1574784000000,7097.2,7345.0,6847.1,7305.2,40586
1574870400000,7304.8,7656.2,7212.7,7609.8,37650
1574956800000,7609.6,7816.7,7364.3,7807.7,35803
1575043200000,7807.8,7849.5,7515.6,7537.7,22080
1575129600000,7537.3,7610.6,7229.6,7304.2,33364
1575216000000,7304.3,7435.6,7151.0,7310.7,28011
1575302400000,7310.7,7399.9,7237.5,7334.8,15820
1575388800000,7334.8,7805.2,7080.0,7464.7,41992
1575475200000,7464.7,7500.4,7100.0,7336.7,42492
1575561600000,7336.9,7448.5,7264.0,7375.0,26465
1575648000000,7375.5,7618.0,7373.4,7507.2,24079
1575734400000,7506.8,7561.7,7374.2,7546.8,16054
1575820800000,7547.1,7660.7,7390.0,7421.6,22980
1575907200000,7423.0,7449.4,7213.4,7237.1,21920
1575993600000,7237.2,7271.0,7132.3,7174.4,17567
1576080000000,7174.4,7290.0,7088.6,7190.3,20171
1576166400000,7190.3,7264.0,7178.3,7254.1,12444
1576252800000,7254.2,7301.0,7028.0,7060.5,12513
1576339200000,7060.1,7203.8,7010.0,7119.0,13417
1576425600000,7119.1,7147.8,7043.2,7087.5,11180
1576512000000,7087.4,7112.8,6688.8,6696.4,33968
1576598400000,6696.8,6863.5,6434.4,6821.8,43744
1576684800000,6821.9,7455.0,6773.8,7143.6,56196
1576771200000,7143.7,7217.0,7080.0,7154.5,19233
1576857600000,7154.6,7211.0,7113.2,7139.5,9565
1576944000000,7139.6,7200.0,7120.8,7185.5,7599
1577030400000,7185.5,7632.8,7163.2,7585.7,40393
1577116800000,7585.2,7690.0,7224.0,7278.1,35117
1577203200000,7278.1,7307.8,7161.4,7189.3,18046
1577289600000,7189.4,7267.7,7129.1,7233.4,12556
1577376000000,7233.4,7438.0,7087.2,7237.9,27540
1577462400000,7238.0,7358.9,7178.8,7303.8,14986
1577548800000,7303.7,7417.9,7277.2,7395.4,11094
1577635200000,7395.4,7528.0,7254.0,7261.4,16471
1577721600000,7261.5,7321.8,7189.7,7195.1,10239
1577808000000,7195.1,7255.9,7146.6,7231.9,6791
1577894400000,7231.8,7248.7,7106.1,7131.9,9663
1577980800000,7131.9,7376.3,6870.7,7319.5,35309
1578067200000,7320.3,7404.8,7260.0,7318.8,15953
1578153600000,7318.9,7494.7,7272.5,7467.3,17498
1578240000000,7467.3,7610.1,7319.0,7521.3,23437
1578326400000,7521.3,8003.6,7511.4,7763.1,37355
1578412800000,7764.0,8456.9,7725.6,8306.5,55233
1578499200000,8306.1,8335.9,7856.9,7903.6,36462
1578585600000,7903.8,8086.5,7674.1,8065.0,38861
1578672000000,8065.0,8255.4,7910.4,8099.6,36869
1578758400000,8099.6,8286.5,7961.5,8154.4,20527
1578844800000,8154.5,8198.9,8056.0,8083.3,12032
1578931200000,8083.4,8767.9,8071.4,8680.3,46450
1579017600000,8679.9,8915.8,8500.0,8763.2,51532
1579104000000,8763.3,8875.7,8592.4,8710.6,27444
1579190400000,8710.4,9055.0,8625.9,8852.6,33232
1579276800000,8853.4,8990.0,8808.0,8900.7,22736
1579363200000,8900.7,9198.4,8500.0,8633.9,33207
1579449600000,8633.9,8755.1,8478.3,8676.9,19987
1579536000000,8677.0,8743.8,8610.0,8644.2,12545
1579622400000,8644.2,8817.5,8490.1,8654.6,16462
1579708800000,8654.5,8705.4,8320.0,8357.2,19477
1579795200000,8357.3,8517.1,8229.0,8505.9,14666
1579881600000,8506.0,8527.2,8274.4,8334.2,8601
1579968000000,8334.3,8487.7,8296.0,8459.5,7899
1580054400000,8459.6,8800.0,8451.4,8783.4,18477
1580140800000,8783.4,9190.0,8751.2,9025.8,29239
1580227200000,9025.9,9436.4,8900.0,9285.0,21673
1580313600000,9285.6,9443.7,9200.0,9385.2,13527
1580400000000,9385.3,9576.1,9211.2,9336.7,20859
1580486400000,9336.7,9463.4,9257.4,9335.5,9474
1580572800000,9335.6,9473.1,9159.0,9448.3,14013
1580659200000,9448.3,9609.7,9264.9,9265.0,17820
1580745600000,9265.0,9353.8,9096.6,9207.5,17246
1580832000000,9207.6,9493.8,9152.3,9484.4,17170
1580918400000,9484.6,9865.1,9473.3,9789.2,23727
1581004800000,9789.2,9888.0,9666.0,9805.0,15541
1581091200000,9805.1,9868.7,9669.0,9828.6,13646
1581177600000,9828.7,10164.1,9811.7,10097.7,16909
1581264000000,10097.8,10185.2,9750.0,9865.0,22301
1581350400000,9865.0,10194.2,9712.2,10164.4,22262
1581436800000,10164.9,10451.9,10150.1,10318.4,26513
1581523200000,10318.3,10502.0,10085.6,10255.8,45927
1581609600000,10257.0,10350.0,10110.4,10251.0,32592
1581696000000,10251.1,10377.6,9802.6,9981.7,29189
1581782400000,9981.6,10102.9,9811.0,9862.6,34001
1581868800000,9862.6,9998.0,9455.0,9637.3,52186
1581955200000,9638.8,9867.4,9578.2,9829.3,37483
1582041600000,9829.3,10253.3,9816.2,10123.0,39776
1582128000000,10123.1,10265.0,9300.0,9572.2,49215
1582214400000,9572.2,9754.8,9400.0,9720.2,34924
1582300800000,9720.3,9739.8,9560.0,9630.2,29066
1582387200000,9630.2,9993.6,9602.9,9864.1,40068
1582473600000,9864.2,9989.3,9520.0,9697.9,39944
1582560000000,9698.0,9729.9,9359.2,9398.7,50412
1582646400000,9398.6,9462.6,8969.2,8996.7,47954
1582732800000,8996.7,9030.0,8526.1,8846.1,70590
1582819200000,8846.2,8977.0,8440.7,8716.6,54035
1582905600000,8716.3,8792.0,8479.7,8648.4,51616
1582992000000,8648.5,8750.5,8515.2,8557.8,45650
1583078400000,8558.7,8884.0,8413.6,8831.0,52286
1583164800000,8831.0,8962.0,8660.0,8751.7,61206
1583251200000,8750.6,8847.3,8650.8,8701.1,46412
1583337600000,8701.2,9136.5,8671.2,9085.3,51699
1583424000000,9085.3,9169.0,8988.0,8994.1,59344
1583510400000,8994.2,9142.5,8994.2,9114.7,38291
1583596800000,9114.7,9188.6,8320.0,8399.9,63861
1583683200000,8400.0,8400.0,7637.4,7763.5,89184
1583769600000,7764.1,8145.0,7688.4,7768.2,62213
1583856000000,7767.9,8034.0,7735.9,7779.9,45288
1583942400000,7780.1,7981.6,5501.0,6131.6,182281
1584028800000,6131.5,6230.0,3791.9,5212.5,353905
1584115200000,5210.5,5666.0,4810.0,5311.2,125319
1584201600000,5311.3,5601.5,5062.3,5325.8,71775
1584288000000,5325.8,5950.0,4448.8,5148.7,174046
1584374400000,5149.3,5440.0,4800.0,5362.3,104122
1584460800000,5362.2,5527.9,5007.6,5328.5,87105
1584547200000,5328.5,5919.2,5139.6,5895.2,90597
1584633600000,5895.2,6910.0,5798.1,6613.3,125607
1584720000000,6613.4,6660.7,5610.0,6212.6,109417
1584806400000,6212.5,6452.9,5916.7,6073.6,86141
1584892800000,6073.6,6600.0,5694.0,6231.8,128218
1584979200000,6231.9,6838.0,6225.8,6586.8,118162
1585065600000,6586.8,6962.4,6450.0,6616.3,91432
1585152000000,6616.2,6779.7,6519.0,6618.5,59537
1585238400000,6618.4,6845.4,6570.0,6624.6,69679
1585324800000,6624.6,6697.0,6070.0,6212.4,77377
1585411200000,6212.4,6295.6,6021.1,6130.8,56282
1585497600000,6130.8,6438.7,5860.0,6343.1,77839
1585584000000,6343.0,6600.0,6305.1,6452.0,55084
1585670400000,6451.8,6495.0,6168.9,6228.6,49895
1585756800000,6228.6,6830.8,6150.0,6807.1,76317
1585843200000,6807.1,7260.0,6654.0,6710.9,90262
1585929600000,6710.9,6900.0,6602.1,6730.7,58514
1586016000000,6730.8,6995.7,6714.9,6784.8,44675
1586102400000,6785.0,7164.4,6676.2,7144.1,70440
1586188800000,7144.2,7457.4,7077.0,7318.9,61088
1586275200000,7319.0,7423.3,7075.0,7276.8,61941
1586361600000,7276.6,7390.9,7113.8,7281.9,38140
1586448000000,7282.1,7315.7,6743.0,6767.3,53534
1586534400000,6767.0,6945.7,6745.0,6830.0,36757
1586620800000,6830.0,7026.8,6762.0,7018.3,44454
1586707200000,7018.8,7180.0,6575.3,6765.0,60847
1586793600000,6765.0,6950.5,6730.4,6907.0,53085
1586880000000,6907.0,6977.0,6683.4,6704.3,51744
1586966400000,6704.3,7160.0,6473.5,7045.3,82719
1587052800000,7045.3,7192.5,6951.8,7038.0,51006
1587139200000,7038.2,7268.5,7014.0,7242.4,47120
1587225600000,7242.7,7295.0,7055.7,7097.4,47548
1587312000000,7097.4,7211.9,6900.0,7071.0,55587
1587398400000,7071.1,7086.6,6751.1,6829.2,55404
1587484800000,6829.2,7125.7,6806.0,7112.4,50805
1587571200000,7112.4,7750.0,7026.0,7530.6,68104
1587657600000,7530.6,7610.0,7396.2,7504.0,65748
1587744000000,7504.1,7702.5,7435.8,7529.3,62802
1587830400000,7529.5,7701.0,7474.6,7544.9,70715
1587916800000,7544.9,7795.0,7535.0,7674.4,63871
1588003200000,7674.4,7780.0,7641.6,7716.7,62907
1588089600000,7716.7,8389.6,7702.0,8358.9,86133
1588176000000,8359.0,9456.2,8329.4,8777.2,157428
1588262400000,8777.3,9056.9,8400.0,8727.9,90681
1588348800000,8727.9,8966.0,8656.0,8936.9,70818
1588435200000,8936.9,9192.2,8720.0,8814.1,88745
1588521600000,8813.7,8956.5,8523.9,8846.9,97207
1588608000000,8846.9,9108.4,8741.5,8843.8,85265
1588694400000,8843.4,9380.0,8817.9,9273.5,93410
1588780800000,9273.6,9600.0,9028.1,9516.3,106807
1588867200000,9516.1,10077.0,9506.0,9937.7,113006
1588953600000,9938.5,9996.1,9522.5,9688.8,78902
1589040000000,9688.5,9793.9,8002.0,8652.0,120326
1589126400000,8651.3,9160.0,8255.0,8879.7,109984
1589212800000,8879.7,8941.3,8200.0,8867.4,99072
1589299200000,8867.0,9178.2,8735.0,9137.8,76593
1589385600000,9138.4,9945.0,9048.8,9752.0,103327
1589472000000,9752.0,9877.5,9250.0,9475.1,103809
1589558400000,9475.2,9588.4,9123.0,9380.4,90137
1589644800000,9380.4,9887.6,9262.1,9821.9,80786
1589731200000,9821.6,9955.0,9456.5,9668.2,71390
1589817600000,9667.6,9900.0,9471.0,9684.9,76275
1589904000000,9684.8,9840.1,9313.0,9412.2,86273
1589990400000,9411.6,9598.1,8930.4,9085.2,100798
1590076800000,9085.2,9222.2,8814.7,9222.2,79491
1590163200000,9222.6,9305.0,9081.0,9196.9,70515
1590249600000,9196.9,9299.3,9005.6,9055.2,71999
1590336000000,9054.7,9081.1,8632.7,8779.9,80854
1590422400000,8779.4,9012.4,8700.0,8726.1,72667
1590508800000,8726.0,9228.0,8697.4,9146.3,72782
1590595200000,9146.3,9513.8,9052.0,9499.4,79191
1590681600000,9499.4,9622.7,9330.0,9411.7,81703
1590768000000,9411.8,9602.8,9332.8,9538.9,71627
1590854400000,9538.8,9750.3,9403.5,9477.5,78209
1590940800000,9477.5,9619.2,9400.0,9546.6,61854
1591027200000,9547.0,10367.3,9281.3,9465.3,123213
1591113600000,9465.2,9644.9,9388.0,9557.8,70832
1591200000000,9557.4,9839.9,9460.0,9828.2,75915
1591286400000,9827.6,9880.0,9600.1,9710.0,86785
1591372800000,9710.0,9750.9,9536.0,9650.2,44218
1591459200000,9650.7,9722.5,9376.5,9498.9,48843
1591545600000,9499.0,9811.9,9454.9,9706.5,64730
1591632000000,9706.6,9875.0,9560.0,9717.5,54826
1591718400000,9717.5,9834.2,9680.9,9759.2,69251
1591804800000,9759.3,9999.0,9500.0,9522.6,109464
1591891200000,9522.6,9566.3,9056.2,9418.2,82494
1591977600000,9418.2,9488.5,9301.8,9436.4,60686
1592064000000,9436.0,9494.8,9309.1,9418.3,56136
1592150400000,9418.3,9429.5,8910.4,9296.2,64882
1592236800000,9296.2,9592.2,9281.3,9452.7,65943
1592323200000,9452.8,9566.0,9369.2,9399.8,69109
1592409600000,9399.8,9486.0,9231.0,9385.8,69547
1592496000000,9386.5,9438.0,9240.0,9383.5,78709
1592582400000,9383.5,9386.4,9172.1,9258.9,87118
1592668800000,9258.9,9420.0,9240.7,9372.5,85172
1592755200000,9373.1,9506.8,9276.0,9491.1,73703
1592841600000,9491.2,9786.1,9474.0,9693.2,87452
1592928000000,9693.2,9695.5,9205.1,9250.0,67854
1593014400000,9249.6,9340.9,9007.4,9238.8,69484
1593100800000,9238.9,9340.1,9046.0,9150.2,66813
1593187200000,9150.9,9215.9,9091.6,9131.9,35670
1593273600000,9131.9,9176.9,8818.0,9158.2,36169
1593360000000,9158.9,9190.0,9028.0,9123.8,30742
1593446400000,9123.9,9235.5,9063.7,9167.9,45918
1593532800000,9167.9,9265.7,9091.9,9263.2,43535
1593619200000,9263.5,9289.0,9030.0,9047.9,63568
1593705600000,9047.9,9150.0,8941.3,9099.2,44875
1593792000000,9099.2,9111.8,9040.0,9065.4,29133
1593878400000,9065.4,9189.8,8993.7,9028.7,29786
1593964800000,9028.5,9321.2,8906.3,9307.2,44397
1594051200000,9307.3,9378.9,9222.1,9274.2,33769
1594137600000,9274.2,9469.9,9205.0,9410.5,32642
1594224000000,9410.6,9466.0,9159.6,9209.3,36270
1594310400000,9209.3,9251.8,9126.3,9244.7,29957
1594396800000,9244.8,9314.0,9179.0,9225.3,26014
1594483200000,9225.3,9346.1,9184.1,9216.1,29575
1594569600000,9216.2,9341.8,9159.0,9290.6,26409
1594656000000,9290.6,9319.5,9111.0,9220.1,43089
1594742400000,9220.2,9273.5,9188.0,9206.3,26251
1594828800000,9206.2,9235.4,9047.1,9124.1,36315
1594915200000,9124.1,9185.0,9090.7,9146.7,43573
1595001600000,9146.7,9206.8,9125.0,9169.0,19465
1595088000000,9169.0,9200.4,9099.2,9120.3,29273
1595174400000,9120.4,9230.0,9120.3,9172.6,22941
1595260800000,9172.6,9438.0,9145.7,9336.2,51626
1595347200000,9336.3,9388.9,9275.0,9336.6,23273
1595433600000,9336.7,9580.0,9326.5,9524.8,37941
1595520000000,9524.8,9666.0,9466.0,9550.7,36770
1595606400000,9550.7,9631.0,9512.0,9593.0,39666
1595692800000,9593.0,10163.2,9574.0,9959.1,62320
1595779200000,9959.1,10441.1,9845.2,10300.0,63588
1595865600000,10299.9,11386.0,10297.5,11149.4,105534
1595952000000,11149.4,11294.2,10834.6,11161.5,65830
1596038400000,11161.6,11340.0,10829.7,11010.8,66146
1596124800000,11010.9,11368.0,10962.5,11348.1,61170
1596211200000,11347.3,11745.9,11210.4,11631.3,49403
1596297600000,11632.2,12100.0,10422.0,11086.8,77874
1596384000000,11085.5,11381.6,10915.4,11381.6,47617
1596470400000,11381.5,11469.0,11015.1,11210.6,63118
1596556800000,11210.6,11688.0,11091.2,11660.3,54172
1596643200000,11660.4,11876.0,11512.0,11836.2,57415
1596729600000,11836.3,11910.0,11500.0,11641.0,57868
1596816000000,11641.0,11809.9,11322.1,11737.1,46774
1596902400000,11738.0,11793.2,11537.9,11569.8,43720
1596988800000,11569.9,12053.6,11450.0,11920.0,52794
1597075200000,11920.0,11948.7,11372.6,11485.5,54317
1597161600000,11485.5,11618.0,11107.1,11578.5,66367
1597248000000,11578.6,11650.0,11358.6,11496.6,53608
1597334400000,11496.6,11829.2,11441.6,11738.3,35966
1597420800000,11738.2,11979.4,11681.6,11852.2,40578
1597507200000,11852.3,11977.7,11684.4,11860.6,35084
1597593600000,11860.7,12450.0,11769.1,12408.2,51479
1597680000000,12408.3,12443.9,11826.0,11935.9,44065
1597766400000,11936.0,12084.0,11613.6,11727.2,44419
1597852800000,11727.3,11859.0,11572.4,11852.7,37654
1597939200000,11852.7,11879.0,11626.3,11723.9,35654
1598025600000,11723.5,11764.9,11380.5,11581.8,44320
1598112000000,11581.8,11690.7,11515.8,11651.8,29342
1598198400000,11651.8,11822.4,11588.0,11762.7,32969
1598284800000,11762.7,11786.0,11329.2,11418.2,37929
1598371200000,11418.2,11500.0,11111.0,11476.1,47780
1598457600000,11476.1,11586.0,11256.0,11325.9,44054
1598544000000,11326.0,11532.7,11126.3,11529.8,41260
1598630400000,11529.2,11577.5,11420.0,11501.7,33672
1598716800000,11501.7,11664.2,11456.2,11615.6,30592
1598803200000,11615.7,11774.9,11569.9,11741.4,27366
1598889600000,11741.4,12044.1,11528.0,12039.1,38545
1598976000000,12038.8,12050.9,11150.0,11327.1,50403
1599062400000,11327.2,11460.1,10450.0,10668.1,49655
1599148800000,10668.2,10789.0,9887.8,10423.0,62929
1599235200000,10423.0,10626.5,9965.0,10273.6,41493
1599321600000,10273.7,10298.0,9833.6,10174.5,44136
1599408000000,10174.0,10345.9,9875.4,10145.2,30641
1599494400000,10145.3,10437.7,9921.3,10098.7,38177
1599580800000,10098.7,10292.0,9850.0,10245.4,38115
1599667200000,10245.5,10483.4,10171.4,10415.1,37941
1599753600000,10415.1,10441.9,10200.5,10316.7,36401
1599840000000,10316.6,10398.1,10267.2,10360.4,33598
1599926400000,10360.0,10579.8,10263.9,10280.7,42698
1600012800000,10280.7,10699.0,10211.8,10696.4,37328
1600099200000,10696.5,10930.0,10605.0,10786.3,44139
1600185600000,10785.8,11015.3,10665.5,11002.0,44154
1600272000000,11002.0,11091.9,10747.1,10838.2,49091
1600358400000,10838.2,11039.2,10795.6,10896.6,30755
1600444800000,10896.6,11178.7,10814.8,11091.0,29909
1600531200000,11091.1,11118.5,10791.0,10835.5,34901
1600617600000,10835.8,10988.3,10295.8,10418.6,32604
1600704000000,10418.6,10531.8,10352.8,10451.7,47113
1600790400000,10451.7,10572.9,10383.3,10451.6,45087
1600876800000,10452.3,10555.4,10138.1,10544.4,41849
1600963200000,10544.4,10797.8,10538.8,10646.8,39101
1601049600000,10646.8,10821.0,10627.2,10720.8,38192
1601136000000,10720.9,10800.0,10593.4,10755.2,34951
1601222400000,10755.3,10956.0,10701.4,10903.1,34718
1601308800000,10903.2,10916.2,10638.0,10725.5,42560
1601395200000,10725.6,10863.5,10636.9,10777.7,44709
1601481600000,10777.7,10922.0,10681.6,10716.2,39537
1601568000000,10716.3,10716.3,10375.0,10511.4,46937
1601654400000,10511.4,10578.0,10462.7,10541.6,42942
1601740800000,10541.3,10638.6,10518.7,10591.8,35122
1601827200000,10591.9,10775.5,10583.0,10724.1,35133
1601913600000,10724.0,10800.0,10621.0,10734.1,34415
1602000000000,10734.2,10750.3,10527.0,10629.9,31856
1602086400000,10629.5,10947.4,10533.1,10893.8,35694
1602172800000,10893.8,11099.0,10831.2,11084.0,41131
1602259200000,11084.0,11489.6,11015.4,11349.5,38345
